Resume,Category
Data Visualization Excel Reporting Dashboard Tableau,Data Analyst
UX Photoshop Figma Prototyping Git Usability Testing Illustrator Wireframing,UI Designer
SQL Tableau Data Cleaning Dashboard Power BI Analytics ETL,Data Analyst
SQLite Mobile Development Material Design Java Kotlin Retrofit MVVM Jetpack Compose,Android Developer
Color Theory Typography Wireframing Illustrator,UI Designer
Vue NodeJS REST API Express,Web Developer
Room Database Pandas Git Java REST API MVVM Firebase Android Studio,Android Developer
Git React CSS Express,Web Developer
NodeJS REST API Express Problem Solving Communication Git Webpack,Web Developer
Jetpack Compose MVVM UI Time Management Room Database Agile Firebase,Android Developer
Leadership User Research Prototyping Interaction Design Usability Testing UI Illustrator Typography Teamwork,UI Designer
Adobe XD Next.js CSS Angular Bootstrap,Web Developer
MongoDB React Next.js NodeJS JavaScript Tailwind CSS Git,Web Developer
Excel Time Management Power BI Data Cleaning SQL Tableau,Data Analyst
TensorFlow SQL FastAPI Unit Testing PyTorch,Python Developer
REST API Business Intelligence Dashboard Data Visualization Power BI,Data Analyst
Data Cleaning Business Intelligence Tableau Agile Pandas Data Visualization Leadership ETL Reporting Python,Data Analyst
JavaScript Next.js Bootstrap CSS React Webpack Tailwind Angular,Web Developer
Prototyping Figma Photoshop Color Theory Leadership Communication,UI Designer
PyTorch Firebase TensorFlow Docker SQL scikit-learn PostgreSQL Problem Solving NumPy,Python Developer
Python Power BI ETL Statistics Pivot Tables SQL Data Cleaning Material Design Business Intelligence,Data Analyst
Color Theory Leadership UX Agile Illustrator Wireframing Design Systems Typography User Research,UI Designer
Responsive Design TypeScript Bootstrap Git Angular Webpack Next.js REST API,Web Developer
Gradle Kotlin Material Design Java Jetpack Compose XML Teamwork,Android Developer
Gradle User Research Kotlin XML Git Mobile Development,Android Developer
PostgreSQL Flask Git Django REST API,Python Developer
PyTorch Docker Machine Learning FastAPI Flask Deep Learning REST API,Python Developer
PostgreSQL Leadership Unit Testing SQL Time Management TensorFlow,Python Developer
TensorFlow Teamwork scikit-learn Django Python PostgreSQL React REST API FastAPI,Python Developer
Sketch Illustrator User Research Usability Testing Typography Figma Prototyping,UI Designer
Time Management Git SQL Problem Solving Unit Testing NumPy Dashboard,Python Developer
SQL Pivot Tables ETL Excel Data Visualization Statistics,Data Analyst
Photoshop Communication UI Interaction Design Illustrator Typography User Research Sketch Problem Solving,UI Designer
REST API Mobile Development SQLite Android Studio Retrofit Gradle Jetpack Compose,Android Developer
Pandas Flask Git Machine Learning Deep Learning REST API FastAPI TypeScript Docker,Python Developer
Angular HTML REST API React,Web Developer
Tableau ETL Pivot Tables Power BI Problem Solving Business Intelligence,Data Analyst
Adobe XD Teamwork UX Illustrator Interaction Design Photoshop Wireframing Sketch Figma,UI Designer
User Research Photoshop Pivot Tables UX Usability Testing Design Systems,UI Designer
Problem Solving TensorFlow Webpack React REST API MongoDB,Web Developer
Typography Color Theory Photoshop Interaction Design Adobe XD Illustrator,UI Designer
Material Design Problem Solving MongoDB Express Angular REST API Communication,Web Developer
Color Theory Illustrator Wireframing Sketch Usability Testing Typography User Research Design Systems,UI Designer
Analytics Teamwork Business Intelligence Tableau Pandas Python,Data Analyst
MongoDB NodeJS Bootstrap Communication Next.js Tailwind HTML Express,Web Developer
Retrofit Room Database XML REST API Firebase Teamwork Gradle,Android Developer
MVVM Room Database Jetpack Compose REST API Android Studio SQLite Material Design,Android Developer
XML Kotlin Retrofit MVVM Room Database SQLite,Android Developer
Django SQL scikit-learn Docker Python NumPy PostgreSQL Flask,Python Developer
Typography UI Sketch Illustrator,UI Designer
Tableau Business Intelligence Reporting SQL Dashboard,Data Analyst
Jetpack Compose Time Management MVVM REST API XML Room Database Firebase,Android Developer
Python Communication FastAPI Responsive Design PostgreSQL Pandas Leadership scikit-learn,Python Developer
Time Management Tableau Business Intelligence SQL Excel Pandas,Data Analyst
Pivot Tables Python SQL ETL Tableau Power BI Gradle Reporting Statistics,Data Analyst
Retrofit Leadership Android Studio Room Database MVVM,Android Developer
Room Database Git Java Kotlin Teamwork REST API Communication Gradle XML MVVM,Android Developer
NumPy PostgreSQL Machine Learning Python Flask Unit Testing scikit-learn Deep Learning,Python Developer
Statistics Business Intelligence ETL Usability Testing Analytics Dashboard,Data Analyst
Android Studio MVVM Retrofit Gradle,Android Developer
Sketch UI Interaction Design Usability Testing,UI Designer
Retrofit Android Studio Gradle MVVM Time Management XML Firebase SQLite,Android Developer
Python Teamwork React Vue Problem Solving Webpack Bootstrap Angular TypeScript HTML,Web Developer
HTML REST API Vue Angular React CSS,Web Developer
PyTorch PostgreSQL SQL Flask Python NumPy,Python Developer
Communication Photoshop Prototyping Design Systems Color Theory Adobe XD UX,UI Designer
SQL TensorFlow PyTorch scikit-learn Docker,Python Developer
Jetpack Compose Material Design Agile Git XML Kotlin Android Studio Teamwork Gradle Firebase,Android Developer
Bootstrap MongoDB Express REST API JavaScript TypeScript HTML,Web Developer
TensorFlow Docker REST API FastAPI Django SQL Communication Python PostgreSQL,Python Developer
NumPy Communication REST API Teamwork Pandas Unit Testing,Python Developer
Power BI Reporting Analytics Business Intelligence Statistics Figma Pandas,Data Analyst
Leadership Flask Business Intelligence SQL PyTorch NumPy Agile,Python Developer
Statistics Analytics Pivot Tables Python Business Intelligence Data Cleaning Excel,Data Analyst
Firebase Leadership XML Problem Solving Material Design Room Database Git Mobile Development Java Jetpack Compose Git,Android Developer
React MongoDB Teamwork Next.js TypeScript Docker Communication NodeJS Express Bootstrap REST API,Web Developer
Jetpack Compose Agile Leadership Git Retrofit Responsive Design SQLite REST API Mobile Development,Android Developer
PostgreSQL Leadership Time Management Django Pandas Deep Learning Machine Learning,Python Developer
Kotlin Gradle Jetpack Compose Android Studio Retrofit Java XML,Android Developer
TypeScript Webpack Vue NodeJS,Web Developer
Prototyping Photoshop User Research Interaction Design Adobe XD Typography Illustrator Figma,UI Designer
Teamwork Data Cleaning Dashboard Power BI Time Management Tableau,Data Analyst
Next.js Responsive Design MongoDB Communication HTML,Web Developer
Prototyping Flask SQL Git PyTorch NumPy Time Management scikit-learn,Python Developer
Room Database Retrofit Gradle Jetpack Compose Kotlin,Android Developer
Unit Testing REST API Django Machine Learning TensorFlow Time Management,Python Developer
Usability Testing Adobe XD Leadership UI Prototyping Typography Agile UX Interaction Design,UI Designer
Illustrator Adobe XD Typography Usability Testing UI Design Systems Photoshop Prototyping,UI Designer
Next.js Communication Git Teamwork Angular Bootstrap HTML,Web Developer
SQLite Webpack Communication JavaScript REST API Problem Solving Tailwind Responsive Design,Web Developer
Illustrator Adobe XD Interaction Design Prototyping Flask UX Typography,UI Designer
Leadership REST API Firebase Gradle SQLite,Android Developer
Power BI Communication Tableau Time Management Analytics Pivot Tables Business Intelligence Reporting,Data Analyst
Kotlin Jetpack Compose Gradle Room Database Android Studio Leadership MVVM REST API Firebase Problem Solving,Android Developer
Leadership Statistics Dashboard Agile Tableau ETL Pivot Tables Excel,Data Analyst
HTML Agile Communication Express NodeJS JavaScript Tailwind Vue Bootstrap,Web Developer
Prototyping Color Theory Usability Testing Illustrator Git Leadership,UI Designer
Usability Testing Pivot Tables Pandas Dashboard Analytics Reporting SQL Business Intelligence Power BI,Data Analyst
Communication Power BI Unit Testing Teamwork Pandas Deep Learning Git TensorFlow,Python Developer
Git Machine Learning Deep Learning Docker scikit-learn Pandas,Python Developer
NumPy PostgreSQL Flask TensorFlow Pandas,Python Developer
Git Express Webpack Next.js CSS Teamwork,Web Developer
Pandas Pivot Tables Business Intelligence Communication Reporting Statistics Python Dashboard,Data Analyst
Room Database Jetpack Compose Communication Firebase XML Android Studio,Android Developer
UI Adobe XD Sketch Prototyping Illustrator Typography,UI Designer
Typography Firebase Figma Usability Testing Wireframing Illustrator Color Theory Prototyping Design Systems,UI Designer
PostgreSQL Unit Testing Communication TensorFlow PyTorch NumPy Docker Git,Python Developer
scikit-learn NumPy Docker Machine Learning,Python Developer
Kotlin Firebase MVVM XML,Android Developer
UX Prototyping Color Theory Problem Solving Design Systems Wireframing Typography Figma Time Management,UI Designer
Problem Solving Gradle SQLite Git XML Material Design Java Time Management,Android Developer
Android Studio Git Firebase Retrofit Jetpack Compose Material Design,Android Developer
XML Room Database Agile Firebase Teamwork Docker Mobile Development Java REST API Jetpack Compose,Android Developer
Flask scikit-learn FastAPI Machine Learning Deep Learning Pandas,Python Developer
Bootstrap React MongoDB REST API Data Cleaning JavaScript Git Webpack Responsive Design,Web Developer
Git Angular Next.js Agile Tailwind,Web Developer
Python Deep Learning scikit-learn NumPy SQL PyTorch FastAPI Problem Solving,Python Developer
Power BI ETL Teamwork SQL Reporting Pandas,Data Analyst
NumPy SQL Docker Git PyTorch REST API scikit-learn FastAPI,Python Developer
Python Data Cleaning React Pandas ETL Problem Solving,Data Analyst
Git Gradle Kotlin Next.js Jetpack Compose,Android Developer
Usability Testing UX Photoshop Figma Git Sketch Typography,UI Designer
MongoDB Tailwind Webpack NodeJS Agile Angular Responsive Design Express,Web Developer
Kotlin Android Studio Retrofit Gradle,Android Developer
Typography Wireframing Adobe XD Color Theory Sketch Interaction Design Communication,UI Designer
Photoshop Usability Testing Wireframing Typography,UI Designer
Android Studio Problem Solving Room Database SQLite Leadership XML Mobile Development Gradle,Android Developer
UI Design Systems Typography Interaction Design Illustrator,UI Designer
Excel Pandas Pivot Tables ETL SQL,Data Analyst
REST API Time Management Tailwind MongoDB Webpack,Web Developer
Jetpack Compose Material Design Android Studio Git SQLite Retrofit Firebase Time Management,Android Developer
Illustrator Usability Testing Color Theory User Research Java Wireframing,UI Designer
JavaScript Next.js Angular Bootstrap HTML Tailwind NumPy,Web Developer
REST API Next.js Angular Tailwind,Web Developer
MongoDB NodeJS Vue CSS Bootstrap,Web Developer
MongoDB Design Systems User Research Illustrator Interaction Design,UI Designer
Unit Testing Deep Learning PostgreSQL Git Pandas scikit-learn,Python Developer
PyTorch JavaScript Time Management NodeJS Tailwind React CSS Problem Solving,Web Developer
Responsive Design Angular Leadership Jetpack Compose JavaScript CSS Bootstrap TypeScript HTML REST API,Web Developer
Kotlin SQLite Retrofit Room Database Java Jetpack Compose Mobile Development XML,Android Developer
Flask scikit-learn Communication Pandas Agile TensorFlow NumPy Machine Learning,Python Developer
Docker Pandas PostgreSQL Django REST API TensorFlow Python,Python Developer
Adobe XD Interaction Design Wireframing Problem Solving Time Management Typography CSS,UI Designer
Communication Prototyping Leadership Adobe XD Usability Testing Photoshop Analytics,UI Designer
UX User Research Adobe XD Typography Time Management Wireframing Design Systems UI Pandas Teamwork Sketch,UI Designer
REST API HTML CSS Time Management Design Systems Tailwind Teamwork,Web Developer
Figma Interaction Design UX Business Intelligence Teamwork UI Leadership User Research,UI Designer
Photoshop Design Systems Sketch Adobe XD,UI Designer
Analytics MVVM REST API Retrofit Communication XML Gradle Android Studio SQLite Git,Android Developer
Communication MongoDB Problem Solving NodeJS REST API TypeScript CSS,Web Developer
Usability Testing Data Visualization ETL Pivot Tables Statistics Dashboard,Data Analyst
Machine Learning Python scikit-learn FastAPI TensorFlow Pandas,Python Developer
REST API Kotlin Retrofit Mobile Development Git Leadership Time Management,Android Developer
UX Wireframing Typography Illustrator User Research Sketch,UI Designer
Git MongoDB React TypeScript Express Angular Vue,Web Developer
Java MVVM Data Cleaning Material Design Android Studio Mobile Development Retrofit,Android Developer
Material Design Firebase Agile Kotlin Communication Mobile Development,Android Developer
Bootstrap NodeJS HTML Webpack,Web Developer
Excel Analytics Teamwork Tableau Power BI SQL Agile Business Intelligence Statistics Data Visualization,Data Analyst
Data Visualization SQL Firebase Pivot Tables Dashboard Analytics Statistics,Data Analyst
Deep Learning scikit-learn FastAPI Docker PostgreSQL Git,Python Developer
Prototyping Adobe XD Typography Leadership Interaction Design Color Theory,UI Designer
User Research UI UX Leadership Color Theory,UI Designer
Agile SQL Data Visualization Dashboard Business Intelligence,Data Analyst
MVVM Firebase Retrofit Android Studio SQLite XML Room Database,Android Developer
Express Communication Business Intelligence CSS Vue Problem Solving Git,Web Developer
Prototyping Adobe XD Figma Agile Interaction Design User Research Photoshop,UI Designer
Responsive Design Bootstrap SQL Tailwind Webpack Vue JavaScript Git Time Management,Web Developer
Prototyping Photoshop Interaction Design Communication Sketch Power BI Agile,UI Designer
Leadership Webpack React MongoDB Next.js Agile Vue JavaScript Angular CSS,Web Developer
Business Intelligence Python Statistics Agile Analytics Excel Data Visualization Power BI,Data Analyst
Flask SQL scikit-learn REST API FastAPI Problem Solving Git,Python Developer
Docker Machine Learning FastAPI Python Agile,Python Developer
Teamwork Pandas Pivot Tables Time Management Analytics Data Cleaning Statistics Data Visualization Reporting,Data Analyst
NodeJS Responsive Design Webpack Express Git React MongoDB Angular,Web Developer
Express JavaScript Responsive Design Bootstrap Vue,Web Developer
SQL Excel Data Cleaning Pandas Analytics Pivot Tables XML Power BI ETL,Data Analyst
REST API Android Studio Jetpack Compose MVVM Room Database Material Design Gradle,Android Developer
Machine Learning PyTorch SQL Deep Learning REST API Pandas NumPy PostgreSQL,Python Developer
Data Visualization scikit-learn Business Intelligence Excel Pandas Dashboard Pivot Tables Teamwork Reporting,Data Analyst
Python NumPy Docker Django FastAPI Git,Python Developer
Teamwork Data Cleaning Python Problem Solving SQL Analytics,Data Analyst
Problem Solving Figma UX User Research Design Systems Wireframing Illustrator,UI Designer
Excel Analytics Reporting Statistics Pivot Tables Dashboard Data Cleaning Tableau,Data Analyst
Tableau Business Intelligence Power BI Data Cleaning Reporting SQL Excel Data Visualization,Data Analyst
Unit Testing Django Python Machine Learning Git PostgreSQL Docker TensorFlow,Python Developer
SQL FastAPI Django Deep Learning Docker,Python Developer
Pivot Tables Wireframing Business Intelligence Data Visualization Reporting Excel,Data Analyst
Gradle Android Studio REST API Retrofit Problem Solving XML MVVM Java Jetpack Compose,Android Developer
Sketch Wireframing Prototyping Usability Testing Design Systems Color Theory Photoshop,UI Designer
Leadership Agile Django Flask Machine Learning REST API NumPy,Python Developer
Typography Wireframing UX Interaction Design Usability Testing Design Systems,UI Designer
Tailwind Git React MongoDB,Web Developer
Git MVVM SQLite REST API Android Studio Firebase Jetpack Compose,Android Developer
Problem Solving Gradle Android Studio Jetpack Compose Material Design REST API Mobile Development Retrofit,Android Developer
REST API Git NumPy PostgreSQL Problem Solving Python Agile Flask,Python Developer
SQL Flask Pandas Time Management Docker PostgreSQL,Python Developer
Material Design Problem Solving TypeScript MVVM Kotlin SQLite Java Mobile Development Communication Firebase Room Database,Android Developer
ETL Dashboard Business Intelligence Python Data Visualization SQL Pivot Tables Pandas,Data Analyst
Git Bootstrap HTML REST API SQLite React JavaScript CSS,Web Developer
Sketch Interaction Design Agile UI UX Figma Express Typography User Research Color Theory Communication,UI Designer
Android Studio Mobile Development Firebase Retrofit SQLite XML Room Database Jetpack Compose,Android Developer
Excel Power BI SQL Leadership Time Management Pandas Data Cleaning Reporting,Data Analyst
Business Intelligence Data Visualization Agile Data Cleaning Communication Power BI Dashboard ETL,Data Analyst
Teamwork Tailwind React Vue JavaScript Responsive Design Problem Solving Express,Web Developer
Sketch Design Systems Color Theory Typography Tableau,UI Designer
TensorFlow Django Unit Testing Machine Learning SQL REST API,Python Developer
SQLite Jetpack Compose REST API Django Leadership Gradle Mobile Development MVVM Android Studio,Android Developer
REST API FastAPI Machine Learning Deep Learning PyTorch SQL Unit Testing scikit-learn,Python Developer
CSS MongoDB Bootstrap Tailwind,Web Developer
PostgreSQL Unit Testing REST API Pandas TensorFlow Flask Django,Python Developer
Next.js Webpack TypeScript JavaScript React Bootstrap NodeJS Responsive Design Time Management,Web Developer
Unit Testing Machine Learning Python SQL Deep Learning Docker PostgreSQL FastAPI Agile Communication,Python Developer
Python REST API Unit Testing Git Flask SQL,Python Developer
Tailwind React Bootstrap NodeJS,Web Developer
Git Teamwork Material Design XML Problem Solving Jetpack Compose MVVM REST API Gradle Room Database,Android Developer
Leadership Java Gradle Material Design Kotlin,Android Developer
Pandas REST API Docker PostgreSQL scikit-learn TensorFlow Python,Python Developer
Business Intelligence Excel Teamwork SQL Pivot Tables Prototyping,Data Analyst
Teamwork Deep Learning PyTorch Unit Testing Git,Python Developer
Reporting Dashboard Analytics Excel Pivot Tables Data Visualization Python Pandas,Data Analyst
FastAPI Flask Python Docker Mobile Development,Python Developer
Git Android Studio Pivot Tables Gradle MVVM Material Design Retrofit,Android Developer
REST API TypeScript Express Bootstrap,Web Developer
Power BI Pandas SQL Business Intelligence Analytics Tableau,Data Analyst
Problem Solving Docker FastAPI Django scikit-learn Pandas Unit Testing Time Management NumPy PostgreSQL,Python Developer
Typography Illustrator Wireframing User Research,UI Designer
Retrofit Time Management Gradle Android Studio REST API Mobile Development Firebase Git,Android Developer
XML Room Database Git Java Material Design Android Studio Jetpack Compose,Android Developer
Color Theory Illustrator Communication UI Photoshop Adobe XD Figma,UI Designer
Leadership Mobile Development Git Material Design Room Database Firebase Time Management Android Studio,Android Developer
Analytics SQL Reporting Tableau Power BI Statistics Data Visualization Excel,Data Analyst
Vue Problem Solving Responsive Design Next.js Webpack,Web Developer
Analytics Statistics Leadership Dashboard SQL,Data Analyst
Express Problem Solving CSS TypeScript MongoDB Git React Next.js,Web Developer
Sketch Illustrator Figma Design Systems Typography UI Leadership Color Theory Adobe XD,UI Designer
Figma Interaction Design Typography Wireframing UI,UI Designer
SQL Machine Learning Django TensorFlow Git scikit-learn REST API,Python Developer
Deep Learning FastAPI scikit-learn Unit Testing,Python Developer
Figma Interaction Design Typography UI Teamwork Design Systems User Research Adobe XD,UI Designer
Leadership Dashboard Communication SQL Statistics Business Intelligence Pandas Power BI Python,Data Analyst
JavaScript Angular Webpack Bootstrap CSS React Responsive Design NodeJS,Web Developer
Python SQL scikit-learn Docker FastAPI Machine Learning PostgreSQL Flask,Python Developer
Tableau ETL Data Cleaning SQL Pivot Tables Dashboard Statistics Analytics SQL,Data Analyst
Git Django Deep Learning Tableau TensorFlow,Python Developer
Room Database Gradle Firebase MVVM ETL Android Studio REST API Java Material Design,Android Developer
Business Intelligence Excel Reporting Dashboard Tableau SQL,Data Analyst
Sketch Typography Color Theory Usability Testing Interaction Design Figma,UI Designer
Python Pandas Git FastAPI Docker scikit-learn,Python Developer
Data Cleaning SQL Pivot Tables Teamwork Agile Excel Power BI Dashboard,Data Analyst
Leadership Webpack Tailwind NodeJS Bootstrap Vue Time Management Angular,Web Developer
Dashboard Data Visualization Business Intelligence Pandas Excel Python Power BI ETL,Data Analyst
Python Statistics SQL Dashboard,Data Analyst
Teamwork REST API HTML NodeJS Agile Bootstrap,Web Developer
Material Design Java Room Database Kotlin,Android Developer
SQLite Agile Problem Solving Firebase Android Studio MVVM Kotlin,Android Developer
Design Systems Illustrator Sketch Wireframing Prototyping Color Theory Usability Testing,UI Designer
UX Leadership Photoshop Interaction Design Communication Usability Testing Sketch UI User Research,UI Designer
Statistics Python Communication Time Management Tableau Pandas Data Cleaning,Data Analyst
Webpack MongoDB JavaScript REST API Angular Git TypeScript React Unit Testing,Web Developer
Photoshop Leadership UI Typography Prototyping Usability Testing,UI Designer
Agile Communication Statistics SQL Data Cleaning Tableau,Data Analyst
NodeJS MongoDB Responsive Design React REST API Webpack,Web Developer
Dashboard Data Visualization Pandas Tableau,Data Analyst
Kotlin REST API MVVM Material Design Jetpack Compose Java Mobile Development Firebase ETL,Android Developer
Statistics Teamwork Excel Agile ETL SQL,Data Analyst
Dashboard ETL Business Intelligence Power BI Reporting Pandas,Data Analyst
Material Design Firebase Git Kotlin Git Agile Mobile Development,Android Developer
Android Studio Room Database Analytics Teamwork Retrofit Material Design Firebase Gradle Git MVVM,Android Developer
Business Intelligence Excel Pivot Tables Pandas SQL Power BI,Data Analyst
JavaScript Leadership Tailwind Agile Next.js Bootstrap,Web Developer
PostgreSQL Python Django Unit Testing NumPy Deep Learning,Python Developer
Data Cleaning Statistics Reporting Pivot Tables,Data Analyst
Adobe XD Leadership Wireframing Design Systems Figma Sketch,UI Designer
Kotlin Communication Mobile Development Git Android Studio Teamwork REST API MVVM Jetpack Compose,Android Developer
NodeJS Agile React Leadership CSS Bootstrap,Web Developer
Pivot Tables Python Pandas Tableau,Data Analyst
Typography Agile Illustrator UX User Research,UI Designer
Typography Interaction Design Prototyping Photoshop Sketch Adobe XD User Research UX Communication Leadership Statistics,UI Designer
NodeJS JavaScript Next.js Webpack Communication Express TypeScript Vue,Web Developer
Illustrator UX Photoshop Typography Color Theory Usability Testing Leadership Design Systems Figma Time Management,UI Designer
Django PostgreSQL PyTorch Unit Testing Git Deep Learning Python FastAPI,Python Developer
scikit-learn REST API Python Problem Solving Docker Machine Learning Pandas Flask UX PyTorch,Python Developer
Angular Excel Bootstrap Responsive Design REST API MongoDB Vue,Web Developer
Mobile Development Room Database Firebase MVVM REST API XML Git Material Design,Android Developer
Python Communication Dashboard Analytics Data Cleaning Power BI,Data Analyst
UI Prototyping Typography Usability Testing Design Systems Time Management Adobe XD Interaction Design,UI Designer
Kotlin Android Studio Python Git REST API Retrofit MVVM,Android Developer
Python Unit Testing Communication TensorFlow Git Time Management,Python Developer
Material Design Express Next.js Tailwind Agile Vue Leadership,Web Developer
Gradle Color Theory Wireframing Illustrator Figma Photoshop UX,UI Designer
MVVM Firebase Jetpack Compose Problem Solving Teamwork SQLite Gradle,Android Developer
Bootstrap Problem Solving Leadership TypeScript Vue CSS Responsive Design NodeJS,Web Developer
Communication Excel Pandas Tableau Problem Solving Power BI,Data Analyst
Git Unit Testing PostgreSQL Pandas Deep Learning Docker SQL,Python Developer
Typography Design Systems User Research Wireframing Illustrator UX Dashboard,UI Designer
Gradle SQLite Mobile Development Android Studio Retrofit Teamwork Room Database Git,Android Developer
Pivot Tables Python Analytics Data Visualization,Data Analyst
User Research Wireframing Illustrator UX Tailwind Typography Sketch UI Color Theory,UI Designer
REST API Time Management Data Cleaning MongoDB Leadership Responsive Design Bootstrap,Web Developer
